# t_s	n_proc	rss_mb	pss_mb	rss_main_mb	rss_child_mb	gpu_tree_mib	procs_json
0.1	1	7.9	3.7	7.9	0.0	0.0	[{"pid": 99271, "rss_mb": 7.875, "pss_mb": 3.6806640625, "tag": "main"}]
5.1	2	594.0	452.2	562.0	32.1	0.0	[{"pid": 99271, "rss_mb": 561.95703125, "pss_mb": 424.1923828125, "tag": "main"}, {"pid": 99722, "rss_mb": 32.0859375, "pss_mb": 28.0439453125, "tag": "ffprobe"}]
10.2	2	1123.3	985.5	975.1	148.1	NA	[{"pid": 99271, "rss_mb": 975.125, "pss_mb": 837.1552734375, "tag": "main"}, {"pid": 100164, "rss_mb": 148.1484375, "pss_mb": 148.390625, "tag": "ffmpeg"}]
15.3	3	6858.2	6704.3	5898.7	959.6	NA	[{"pid": 99271, "rss_mb": 5898.65625, "pss_mb": 5764.98828125, "tag": "main"}, {"pid": 100387, "rss_mb": 503.16796875, "pss_mb": 491.46875, "tag": "ffmpeg"}, {"pid": 100544, "rss_mb": 456.41796875, "pss_mb": 447.8603515625, "tag": "ffmpeg"}]
20.4	3	6560.9	6432.6	5600.3	960.6	NA	[{"pid": 99271, "rss_mb": 5600.29296875, "pss_mb": 5493.55078125, "tag": "main"}, {"pid": 100387, "rss_mb": 496.421875, "pss_mb": 493.44921875, "tag": "ffmpeg"}, {"pid": 100544, "rss_mb": 464.1484375, "pss_mb": 445.56640625, "tag": "ffmpeg"}]
25.5	3	6946.6	6768.9	5998.6	948.1	NA	[{"pid": 99271, "rss_mb": 5998.578125, "pss_mb": 5832.7841796875, "tag": "main"}, {"pid": 100387, "rss_mb": 493.4765625, "pss_mb": 484.60546875, "tag": "ffmpeg"}, {"pid": 100544, "rss_mb": 454.58984375, "pss_mb": 451.5439453125, "tag": "ffmpeg"}]
30.6	3	5803.3	5665.2	5346.7	456.6	NA	[{"pid": 99271, "rss_mb": 5346.6875, "pss_mb": 5212.1923828125, "tag": "main"}, {"pid": 100544, "rss_mb": 456.578125, "pss_mb": 452.9736328125, "tag": "ffmpeg"}, {"pid": 100387, "rss_mb": 0.0, "pss_mb": 0.0, "tag": "ffmpeg"}]
35.7	2	5497.0	5353.1	5352.7	144.3	NA	[{"pid": 99271, "rss_mb": 5352.6875, "pss_mb": 5218.455078125, "tag": "main"}, {"pid": 102498, "rss_mb": 144.2734375, "pss_mb": 134.62109375, "tag": "ffmpeg"}]
40.8	3	7101.4	6963.5	6632.4	469.0	NA	[{"pid": 99271, "rss_mb": 6632.37109375, "pss_mb": 6505.4677734375, "tag": "main"}, {"pid": 103099, "rss_mb": 452.49609375, "pss_mb": 449.8798828125, "tag": "ffmpeg"}, {"pid": 103234, "rss_mb": 16.5, "pss_mb": 8.1181640625, "tag": "ffmpeg"}]
45.9	3	9338.2	9186.7	7535.4	1802.9	NA	[{"pid": 99271, "rss_mb": 7535.3515625, "pss_mb": 7400.5078125, "tag": "main"}, {"pid": 103234, "rss_mb": 1350.3828125, "pss_mb": 1336.607421875, "tag": "ffmpeg"}, {"pid": 103099, "rss_mb": 452.49609375, "pss_mb": 449.556640625, "tag": "ffmpeg"}]
51.1	3	9337.6	9186.8	7535.8	1801.8	NA	[{"pid": 99271, "rss_mb": 7535.7734375, "pss_mb": 7400.57421875, "tag": "main"}, {"pid": 103234, "rss_mb": 1349.32421875, "pss_mb": 1336.626953125, "tag": "ffmpeg"}, {"pid": 103099, "rss_mb": 452.49609375, "pss_mb": 449.572265625, "tag": "ffmpeg"}]
56.2	3	9467.5	9329.3	7666.4	1801.2	NA	[{"pid": 99271, "rss_mb": 7666.35546875, "pss_mb": 7543.0732421875, "tag": "main"}, {"pid": 103234, "rss_mb": 1348.68359375, "pss_mb": 1336.650390625, "tag": "ffmpeg"}, {"pid": 103099, "rss_mb": 452.49609375, "pss_mb": 449.587890625, "tag": "ffmpeg"}]
61.3	3	9778.2	9566.7	7916.1	1862.1	NA	[{"pid": 99271, "rss_mb": 7916.140625, "pss_mb": 7780.484375, "tag": "main"}, {"pid": 103234, "rss_mb": 1409.5546875, "pss_mb": 1336.6611328125, "tag": "ffmpeg"}, {"pid": 103099, "rss_mb": 452.49609375, "pss_mb": 449.591796875, "tag": "ffmpeg"}]
66.4	3	9574.4	9424.4	7726.9	1847.5	NA	[{"pid": 99271, "rss_mb": 7726.90625, "pss_mb": 7590.6376953125, "tag": "main"}, {"pid": 103234, "rss_mb": 1395.046875, "pss_mb": 1384.1416015625, "tag": "ffmpeg"}, {"pid": 103099, "rss_mb": 452.49609375, "pss_mb": 449.599609375, "tag": "ffmpeg"}]
71.5	3	9527.1	9377.1	7726.9	1800.2	NA	[{"pid": 99271, "rss_mb": 7726.921875, "pss_mb": 7590.73046875, "tag": "main"}, {"pid": 103234, "rss_mb": 1347.66796875, "pss_mb": 1336.7392578125, "tag": "ffmpeg"}, {"pid": 103099, "rss_mb": 452.49609375, "pss_mb": 449.650390625, "tag": "ffmpeg"}]
76.7	3	9526.9	9377.1	7726.8	1800.2	NA	[{"pid": 99271, "rss_mb": 7726.77734375, "pss_mb": 7590.7294921875, "tag": "main"}, {"pid": 103234, "rss_mb": 1347.671875, "pss_mb": 1336.7587890625, "tag": "ffmpeg"}, {"pid": 103099, "rss_mb": 452.49609375, "pss_mb": 449.6572265625, "tag": "ffmpeg"}]
81.8	3	9526.4	9377.2	7726.6	1799.8	NA	[{"pid": 99271, "rss_mb": 7726.63671875, "pss_mb": 7590.74609375, "tag": "main"}, {"pid": 103234, "rss_mb": 1347.30859375, "pss_mb": 1336.779296875, "tag": "ffmpeg"}, {"pid": 103099, "rss_mb": 452.49609375, "pss_mb": 449.662109375, "tag": "ffmpeg"}]
86.9	3	9431.5	9345.1	7631.7	1799.8	NA	[{"pid": 99271, "rss_mb": 7631.66015625, "pss_mb": 7520.3896484375, "tag": "main"}, {"pid": 103234, "rss_mb": 1347.328125, "pss_mb": 1374.958984375, "tag": "ffmpeg"}, {"pid": 103099, "rss_mb": 452.49609375, "pss_mb": 449.736328125, "tag": "ffmpeg"}]
92.1	3	9569.4	9377.3	7727.6	1841.8	NA	[{"pid": 99271, "rss_mb": 7727.59765625, "pss_mb": 7590.7626953125, "tag": "main"}, {"pid": 103234, "rss_mb": 1389.28515625, "pss_mb": 1336.802734375, "tag": "ffmpeg"}, {"pid": 103099, "rss_mb": 452.49609375, "pss_mb": 449.740234375, "tag": "ffmpeg"}]
97.2	3	9384.5	9235.2	7537.5	1847.1	NA	[{"pid": 99271, "rss_mb": 7537.46875, "pss_mb": 7400.9423828125, "tag": "main"}, {"pid": 103234, "rss_mb": 1394.5703125, "pss_mb": 1384.3017578125, "tag": "ffmpeg"}, {"pid": 103099, "rss_mb": 452.49609375, "pss_mb": 449.998046875, "tag": "ffmpeg"}]
102.3	3	9360.1	9211.5	7537.9	1822.2	NA	[{"pid": 99271, "rss_mb": 7537.90625, "pss_mb": 7400.9423828125, "tag": "main"}, {"pid": 103234, "rss_mb": 1369.73828125, "pss_mb": 1360.572265625, "tag": "ffmpeg"}, {"pid": 103099, "rss_mb": 452.49609375, "pss_mb": 450.001953125, "tag": "ffmpeg"}]
107.4	3	9336.6	9187.8	7538.1	1798.6	NA	[{"pid": 99271, "rss_mb": 7538.05859375, "pss_mb": 7400.9501953125, "tag": "main"}, {"pid": 103234, "rss_mb": 1346.0546875, "pss_mb": 1336.8408203125, "tag": "ffmpeg"}, {"pid": 103099, "rss_mb": 452.49609375, "pss_mb": 450.001953125, "tag": "ffmpeg"}]
112.5	3	9335.2	9186.6	7537.4	1797.7	NA	[{"pid": 99271, "rss_mb": 7537.4375, "pss_mb": 7400.037109375, "tag": "main"}, {"pid": 103234, "rss_mb": 1345.23828125, "pss_mb": 1336.7314453125, "tag": "ffmpeg"}, {"pid": 103099, "rss_mb": 452.49609375, "pss_mb": 449.869140625, "tag": "ffmpeg"}]
117.7	3	9336.3	9186.7	7538.3	1797.9	NA	[{"pid": 99271, "rss_mb": 7538.34765625, "pss_mb": 7400.0703125, "tag": "main"}, {"pid": 103234, "rss_mb": 1345.41796875, "pss_mb": 1336.736328125, "tag": "ffmpeg"}, {"pid": 103099, "rss_mb": 452.49609375, "pss_mb": 449.875, "tag": "ffmpeg"}]
122.8	3	9335.9	9186.8	7537.7	1798.2	NA	[{"pid": 99271, "rss_mb": 7537.734375, "pss_mb": 7400.0703125, "tag": "main"}, {"pid": 103234, "rss_mb": 1345.69921875, "pss_mb": 1336.814453125, "tag": "ffmpeg"}, {"pid": 103099, "rss_mb": 452.49609375, "pss_mb": 449.90625, "tag": "ffmpeg"}]
127.9	3	9382.8	9234.3	7585.4	1797.4	NA	[{"pid": 99271, "rss_mb": 7585.421875, "pss_mb": 7447.54296875, "tag": "main"}, {"pid": 103234, "rss_mb": 1344.85546875, "pss_mb": 1336.818359375, "tag": "ffmpeg"}, {"pid": 103099, "rss_mb": 452.49609375, "pss_mb": 449.90625, "tag": "ffmpeg"}]
133.0	3	9431.2	9281.7	7585.9	1845.3	NA	[{"pid": 99271, "rss_mb": 7585.91015625, "pss_mb": 7447.54296875, "tag": "main"}, {"pid": 103234, "rss_mb": 1392.7578125, "pss_mb": 1384.291015625, "tag": "ffmpeg"}, {"pid": 103099, "rss_mb": 452.49609375, "pss_mb": 449.90625, "tag": "ffmpeg"}]
138.1	3	9382.1	9234.3	7585.2	1796.9	NA	[{"pid": 99271, "rss_mb": 7585.19921875, "pss_mb": 7447.544921875, "tag": "main"}, {"pid": 103234, "rss_mb": 1344.44921875, "pss_mb": 1336.8359375, "tag": "ffmpeg"}, {"pid": 103099, "rss_mb": 452.49609375, "pss_mb": 449.9111328125, "tag": "ffmpeg"}]
143.3	3	9381.9	9234.3	7584.4	1797.5	NA	[{"pid": 99271, "rss_mb": 7584.390625, "pss_mb": 7447.544921875, "tag": "main"}, {"pid": 103234, "rss_mb": 1345.01171875, "pss_mb": 1336.83984375, "tag": "ffmpeg"}, {"pid": 103099, "rss_mb": 452.49609375, "pss_mb": 449.9111328125, "tag": "ffmpeg"}]
148.4	3	9608.6	9424.2	7774.7	1833.8	NA	[{"pid": 99271, "rss_mb": 7774.7265625, "pss_mb": 7637.392578125, "tag": "main"}, {"pid": 103234, "rss_mb": 1381.34765625, "pss_mb": 1336.84375, "tag": "ffmpeg"}, {"pid": 103099, "rss_mb": 452.49609375, "pss_mb": 449.9462890625, "tag": "ffmpeg"}]
153.5	3	9382.7	9234.3	7585.1	1797.6	NA	[{"pid": 99271, "rss_mb": 7585.0625, "pss_mb": 7447.49609375, "tag": "main"}, {"pid": 103234, "rss_mb": 1345.14453125, "pss_mb": 1336.845703125, "tag": "ffmpeg"}, {"pid": 103099, "rss_mb": 452.49609375, "pss_mb": 449.9384765625, "tag": "ffmpeg"}]
158.6	3	9572.6	9424.2	7727.6	1845.1	NA	[{"pid": 99271, "rss_mb": 7727.5703125, "pss_mb": 7589.939453125, "tag": "main"}, {"pid": 103234, "rss_mb": 1392.57421875, "pss_mb": 1384.328125, "tag": "ffmpeg"}, {"pid": 103099, "rss_mb": 452.49609375, "pss_mb": 449.9462890625, "tag": "ffmpeg"}]
163.8	3	9525.4	9376.8	7727.4	1798.0	NA	[{"pid": 99271, "rss_mb": 7727.40625, "pss_mb": 7589.939453125, "tag": "main"}, {"pid": 103234, "rss_mb": 1345.48828125, "pss_mb": 1336.8671875, "tag": "ffmpeg"}, {"pid": 103099, "rss_mb": 452.49609375, "pss_mb": 449.9462890625, "tag": "ffmpeg"}]
168.9	3	9525.4	9376.8	7727.4	1797.9	NA	[{"pid": 99271, "rss_mb": 7727.41796875, "pss_mb": 7589.939453125, "tag": "main"}, {"pid": 103234, "rss_mb": 1345.44921875, "pss_mb": 1336.87890625, "tag": "ffmpeg"}, {"pid": 103099, "rss_mb": 452.49609375, "pss_mb": 449.9462890625, "tag": "ffmpeg"}]
174.0	3	9572.7	9424.3	7727.3	1845.4	NA	[{"pid": 99271, "rss_mb": 7727.27734375, "pss_mb": 7589.939453125, "tag": "main"}, {"pid": 103234, "rss_mb": 1392.9375, "pss_mb": 1384.33984375, "tag": "ffmpeg"}, {"pid": 103099, "rss_mb": 452.49609375, "pss_mb": 449.9931640625, "tag": "ffmpeg"}]
179.1	3	9719.7	9614.2	7916.9	1802.8	NA	[{"pid": 99271, "rss_mb": 7916.921875, "pss_mb": 7779.787109375, "tag": "main"}, {"pid": 103234, "rss_mb": 1349.953125, "pss_mb": 1384.34375, "tag": "ffmpeg"}, {"pid": 103099, "rss_mb": 452.87109375, "pss_mb": 450.0283203125, "tag": "ffmpeg"}]
184.2	3	9477.6	9283.1	7679.4	1798.2	NA	[{"pid": 99271, "rss_mb": 7679.4296875, "pss_mb": 7495.9345703125, "tag": "main"}, {"pid": 103234, "rss_mb": 1345.31640625, "pss_mb": 1337.0087890625, "tag": "ffmpeg"}, {"pid": 103099, "rss_mb": 452.87109375, "pss_mb": 450.1650390625, "tag": "ffmpeg"}]
189.4	2	8978.2	8838.1	7632.3	1345.9	NA	[{"pid": 99271, "rss_mb": 7632.31640625, "pss_mb": 7495.998046875, "tag": "main"}, {"pid": 103234, "rss_mb": 1345.92578125, "pss_mb": 1342.0693359375, "tag": "ffmpeg"}]
194.5	2	9001.8	8861.8	7632.2	1369.6	NA	[{"pid": 99271, "rss_mb": 7632.15234375, "pss_mb": 7495.998046875, "tag": "main"}, {"pid": 103234, "rss_mb": 1369.625, "pss_mb": 1365.8154296875, "tag": "ffmpeg"}]
199.6	2	8901.2	8761.0	7555.1	1346.1	NA	[{"pid": 99271, "rss_mb": 7555.125, "pss_mb": 7418.869140625, "tag": "main"}, {"pid": 103234, "rss_mb": 1346.0703125, "pss_mb": 1342.0810546875, "tag": "ffmpeg"}]
204.7	2	9029.9	8919.6	7684.1	1345.8	NA	[{"pid": 99271, "rss_mb": 7684.13671875, "pss_mb": 7577.484375, "tag": "main"}, {"pid": 103234, "rss_mb": 1345.765625, "pss_mb": 1342.083984375, "tag": "ffmpeg"}]
209.8	2	8996.2	8855.9	7650.2	1346.0	NA	[{"pid": 99271, "rss_mb": 7650.1796875, "pss_mb": 7513.78125, "tag": "main"}, {"pid": 103234, "rss_mb": 1346.0390625, "pss_mb": 1342.083984375, "tag": "ffmpeg"}]
214.9	2	8534.3	8392.8	7187.9	1346.4	NA	[{"pid": 99271, "rss_mb": 7187.88671875, "pss_mb": 7050.72265625, "tag": "main"}, {"pid": 103234, "rss_mb": 1346.38671875, "pss_mb": 1342.095703125, "tag": "ffmpeg"}]
220.1	2	8534.3	8392.8	7187.9	1346.4	NA	[{"pid": 99271, "rss_mb": 7187.88671875, "pss_mb": 7050.72265625, "tag": "main"}, {"pid": 103234, "rss_mb": 1346.38671875, "pss_mb": 1342.095703125, "tag": "ffmpeg"}]
225.2	2	7205.4	7058.2	7057.5	147.8	NA	[{"pid": 99271, "rss_mb": 7057.546875, "pss_mb": 6920.26953125, "tag": "main"}, {"pid": 116847, "rss_mb": 147.82421875, "pss_mb": 137.9384765625, "tag": "ffmpeg"}]
230.3	2	7278.7	7132.1	7057.5	221.2	NA	[{"pid": 99271, "rss_mb": 7057.546875, "pss_mb": 6920.3212890625, "tag": "main"}, {"pid": 117148, "rss_mb": 221.1640625, "pss_mb": 211.7392578125, "tag": "ffmpeg"}]
235.4	2	7279.1	7132.1	7057.5	221.5	NA	[{"pid": 99271, "rss_mb": 7057.546875, "pss_mb": 6920.3232421875, "tag": "main"}, {"pid": 117561, "rss_mb": 221.52734375, "pss_mb": 211.7412109375, "tag": "ffmpeg"}]
